FacultyId,LastName,FirstName
0,rwiulsytnl,zvyhyyuxbs
1,ughpsgvaqh,lsdjtveafp
2,jwtegvxccj,rbnypeftsb
3,nwtmzvdkok,dvkgypbdip
4,jdvtrkiukr,hagffajnrg
5,xlfwpaegyw,aoktdtdjnd
6,vwnvswithz,tyxwbkywmc
7,bhqfsubbis,daobdijajl
8,krwaintons,sapohetezu
9,dexlykugox,qnnsufgtcq
10,sakatmbwhc,beaenvcjpw
11,ysizxgizoe,iedoxbcxat
12,hiasxdhguc,blgdbdspme
13,nbtssamoua,yiovevollj
14,tcgyusddwj,kssclpbwfg
15,dmfwvwqakt,ikhnhyzwyc
16,mbmpegvrso,rsxqlmhcxi
17,wnghpjwgra,ymoxkooxtn
18,afyfylgrdy,eliuwzxlwq
19,vhokiuzkot,pofswapoog
20,rydochyoah,ysesswbwkn
21,irrlhutnrw,agpvraixgd
22,uahtdjzqqi,lborjsyrky
23,vfezzawvrz,zlzprnnpml
24,wgibwuqezg,nswvprhlgm
25,jfcaerlprn,lusljwazro
26,bnuhkddjwq,dchygxlhui
27,aufklxvkhk,ietbgufnqa
28,qngjhdnicf,lymrymerid
29,wiyjvfpthl,junxlctctb
30,bqyuasvcri,mcuvpqpsvj
31,jkeclshgqc,jqfwjwctwk
32,yrtxfhctbf,tqdbdtoxll
33,tomvomvaql,fewyjsyxpn
34,dkwruocwzm,liygnavven
35,ychxuvmauf,aihprksbeh
36,anphanzvqw,qrhwmnlwvl
37,cuvfchaqal,oshvgsjeqf
38,oerwnstsgx,rotldczfdi
39,mcnsysigfk,nolfmwgplu
40,ykoagmecif,qkehjazcvm
41,uitlokimbh,ffruwpxmqo
42,rrjcsekzyo,zxdtllppqe
43,rlofvqoysk,xpkqutqvfh
44,imsaiekgxi,axbunctvex
45,kzcbmgfxwz,mkggmspmbb
46,rohfgfjtmm,flvddjtozv
47,kznnlkgnnz,ombnesjzez
48,iryhasuoje,aaunodrlui
49,lelcwlraer,nnhtydtjva
50,gbysgcfeuk,ibmcgrknhu
51,nzsbcrfegs,jnlpaiiclp
52,oorvfeijdj,acsxdqkloj
53,xcwcnnztqp,kbfwocfiwe
54,xwqhwhwjrh,djjuwadqhr
55,rqhrghbngu,aqhbozmwir
56,ptzjlcldrr,zlpeuquhdy
57,fuvyhizacg,ezdqwibveo
58,pyrmomxfiz,dxfevscxub
59,bvabymfzqv,vvmatukxag
60,vuczsbcbtr,nrrddfcyyc
61,pnuenvnafi,jknrxegifz
62,ehmrvwspqn,lwfqyraoew
63,tlvhqyvqxb,bzruidtxdf
64,xstzhuqkym,miestrozwb
65,oyvoftsebp,emtjrpdahn
66,qelssxjuty,yahaavyedn
67,favigxtvkz,zvuatxhjhg
68,ifzzboclxf,fpxuymapkd
69,etevjjgicg,dzphcrbkft
70,quiiirrrne,jclzvngshs
71,bktmwotepj,jvljjbdhzq
72,riltlvvefp,lkxnqcsrai
73,pisisnxqek,blhswplteq
74,mxzarbmixq,vzioabajte
75,rcilrmynph,txwknsemzw
76,ybblqjybcy,picxpjndsv
77,xchyomvpom,jvlwxjxinq
78,houzqhpoeg,krfawljpcq
79,gnleuxfgsi,npdyaenlse
80,oczxytbmgo,bxtkuigoaq
81,ihyphjgxwc,elxrnqywka
82,dkyjocgqtw,yktuwtnnpy
83,opahbaszfl,jlnrgmfeqk
84,jwzyhkkgyq,mujexbcumw
85,lxpdghvepc,eemsqzabun
86,hjsxeteuds,yusiwzzzgq
87,ipcdanwcqe,njpfzjoxav
88,njutyutlaa,zsyhfgwhbp
89,qzndivmmbx,dfuehmcbar
90,msmtnamqfo,qbdvsjbllw
91,xkzdamneab,zmmwesjydt
92,yyaqpuyvja,hxjjeeqyyu
93,pbndhdccgf,gqgxkavczi
94,jiyewnlkje,dftqetilov
95,dykmamrppk,jpmdubnhcm
96,sbjsdvsvpz,daakmgbyqd
97,hrkwktvapp,gmjytuyedu
98,ugsquflsgq,xqiizgglbr
99,gjcwmslygc,bvbjkdbcjs
100,vwbtaynvdz,yerhnmmqlg
101,scveoqcads,gnvtpybxuj
102,uaicjvzfci,mkjatpivnr
103,kdvmzafrwr,fcowlhyypw
104,hwhsmhmthm,dayzphbsfr
105,aoktvydkzi,sugwguboks
106,gxtzjsllsd,cyfgsaawsm
107,iaumqucdev,ynzhwijvfa
108,fhcfncifpi,qytckpajwh
109,xedkowrmju,rtcquidpjq
110,titmshgewr,wdkcanifys
111,gsuzoeqjdj,gyqzzejdqu
112,fyumfmeuoa,bxowkdnwgm
113,nqqdfadsuv,fxualyykeq
114,yxqqagxntv,yvibviywwe
115,qfcrlhwdpk,ygzothypbk
116,fbxlbkvepa,boctdgbskq
117,tgbnzralxv,itqjmacwob
118,yxcajspqvf,eilnyfkdyk
119,bgjydgqnbh,mzazhclucb
120,dvbxfdagtf,wlbkdcedwj
121,apvxsegptz,plymatqzhx
122,nmtuswnrwl,uhnuqnqcmf
123,czsersndyb,jscbkivznk
124,pvfafbxwmd,jpedifqxez
125,emtqkxyius,gnmalugmth
126,wjurkbofds,qiuuyfzoop
127,ktgltnwcwc,pismrxuctc
128,pugkdgvkhd,rulsgfowqk
129,rnlzfnjydw,guahqkncbh
130,tjfzybmstp,ivcpsfsvwe
131,cvqsdnuadk,npcqkhhxdt
132,iergopscnd,wpzqizabqo
133,gxaxtptcdh,cnniykwmtk
134,brkibcwmts,utbqesysrn
135,rffgrmnhnm,ciakrohjps
136,xdapljmlko,mjlbzptbzp
137,wojmhgcnlv,apdsikcdix
138,hrhooufbxx,gesontljiy
139,dofulhrsut,xfcfadynak
140,qqymswkifi,nbgejvtswt
141,pvofczakfc,rhpjqqbcls
142,vtekjlybtr,agvwhqnctm
143,sskgwhsgrh,wsjhqexbsn
144,hirqreamuq,nvikyketbu
145,qyxlbebfyc,ulgmeczrls
146,dwgyibotmt,biaighbafs
147,tgxodbtprc,ttrcmtskeg
148,kchjgfgjuk,acilznvdau
149,qvillmdvas,lwxqraaopf
